{"cameraMode":{"drawMode":0,"name":"Shaded","section":"Shading Mode"},"sceneLighting":true,"audioPlay":false,"sceneViewState":{"m_AlwaysRefresh":false,"showFog":true,"showSkybox":false,"showFlares":true,"showImageEffects":true,"showParticleSystems":true,"showVisualEffectGraphs":true,"m_FxEnabled":true},"in2DMode":false,"pivot":{"x":-1.6908481121063233,"y":0.4756900668144226,"z":1.5048097372055054},"rotation":{"x":-0.33109182119369509,"y":0.5925958752632141,"z":-0.29078230261802676,"w":-0.674342691898346},"size":0.9239342212677002,"orthographic":false}